ID,margin,year
1,33,1987
2,59,1987
3,45,1987
4,91,1987
5,39,1987
6,1,1987
7,14,1987
8,33,1987
9,19,1987
10,7,1987
11,5,1987
12,44,1987
13,62,1987
14,108,1987
15,74,1987
16,46,1987
17,50,1987
18,87,1987
19,77,1987
20,34,1987
21,27,1987
22,87,1987
23,9,1987
24,47,1987
25,15,1987
26,10,1987
27,47,1987
28,41,1987
29,17,1987
30,54,1987
31,4,1987
32,75,1987
33,12,1987
34,20,1987
35,5,1987
36,7,1987
37,41,1987
38,47,1987
39,0,1987
40,44,1987
41,9,1987
42,74,1987
43,19,1987
44,56,1987
45,46,1987
46,25,1987
47,34,1987
48,23,1987
49,8,1987
50,29,1987
51,26,1987
52,24,1987
53,47,1987
54,48,1987
55,35,1987
56,34,1987
57,34,1987
58,32,1987
59,22,1987
60,6,1987
61,114,1987
62,25,1987
63,16,1987
64,103,1987
65,22,1987
66,33,1987
67,21,1987
68,56,1987
69,9,1987
70,57,1987
71,15,1987
72,22,1987
73,22,1987
74,73,1987
75,45,1987
76,5,1987
77,26,1987
78,36,1987
79,68,1987
80,1,1987
81,26,1987
82,6,1987
83,36,1987
84,95,1987
85,72,1987
86,16,1987
87,39,1987
88,13,1987
89,54,1987
90,37,1987
91,59,1987
92,27,1987
93,1,1987
94,12,1987
95,48,1987
96,71,1987
97,4,1987
98,38,1987
99,28,1987
100,57,1987
101,34,1987
102,33,1987
103,2,1987
104,41,1987
105,24,1987
106,3,1987
107,33,1987
108,97,1987
109,54,1987
110,28,1987
111,97,1987
112,55,1987
113,125,1987
114,46,1987
115,33,1987
116,97,1987
117,54,1987
118,28,1987
119,97,1987
120,55,1987
121,125,1987
122,46,1987
123,130,1987
124,40,1987
125,3,1987
126,33,1987
127,97,1987
128,54,1987
129,28,1987
130,97,1987
131,55,1987
132,125,1987
133,46,1987
134,130,1987
135,40,1987
136,25,1987
137,39,1987
138,163,1987
139,91,1987
140,1,1987
141,54,1987
142,11,1987
143,42,1987
144,25,1987
145,1,1987
146,11,1987
147,68,1987
148,27,1987
149,60,1987
150,3,1987
151,19,1987
152,23,1987
153,68,1987
154,55,1987
155,41,1987
156,0,1987
157,45,1987
158,76,1987
159,21,1987
160,61,1987
161,40,1987
162,49,1987
163,50,1987
164,38,1987
165,82,1987
166,9,1987
167,56,1987
168,4,1987
169,8,1987
170,15,1987
171,3,1987
172,5,1987
173,88,1987
174,99,1987
175,118,1987
176,15,1987
177,76,1987
178,2,1987
179,33,1987
180,15,1988
181,82,1988
182,21,1988
183,8,1988
184,22,1988
185,26,1988
186,46,1988
187,99,1988
188,68,1988
189,32,1988
190,20,1988
191,15,1988
192,85,1988
193,11,1988
194,72,1988
195,70,1988
196,51,1988
197,8,1988
198,21,1988
199,26,1988
200,118,1988
201,55,1988
202,39,1988
203,14,1988
204,38,1988
205,86,1988
206,22,1988
207,79,1988
208,7,1988
209,9,1988
210,28,1988
211,24,1988
212,62,1988
213,77,1988
214,27,1988
215,13,1988
216,40,1988
217,2,1988
218,33,1988
219,45,1988
220,2,1988
221,3,1988
222,76,1988
223,11,1988
224,44,1988
225,39,1988
226,21,1988
227,1,1988
228,77,1988
229,28,1988
230,13,1988
231,6,1988
232,48,1988
233,26,1988
234,6,1988
235,53,1988
236,140,1988
237,48,1988
238,33,1988
239,89,1988
240,28,1988
241,63,1988
242,13,1988
243,22,1988
244,21,1988
245,13,1988
246,33,1988
247,16,1988
248,53,1988
249,41,1988
250,7,1988
251,43,1988
252,27,1988
253,48,1988
254,39,1988
255,50,1988
256,20,1988
257,17,1988
258,63,1988
259,21,1988
260,18,1988
261,26,1988
262,13,1988
263,43,1988
264,66,1988
265,23,1988
266,45,1988
267,24,1988
268,25,1988
269,25,1988
270,34,1988
271,35,1988
272,23,1988
273,27,1988
274,39,1988
275,28,1988
276,33,1988
277,10,1988
278,4,1988
279,90,1988
280,25,1988
281,73,1988
282,24,1988
283,46,1988
284,20,1988
285,9,1988
286,43,1988
287,46,1988
288,44,1988
289,17,1988
290,27,1988
291,51,1988
292,70,1988
293,40,1988
294,0,1988
295,46,1988
296,69,1988
297,7,1988
298,29,1988
299,63,1988
300,76,1988
301,34,1988
302,26,1988
303,31,1988
304,41,1988
305,44,1988
306,46,1988
307,28,1988
308,67,1988
309,74,1988
310,69,1988
311,18,1988
312,31,1988
313,14,1988
314,4,1988
315,1,1988
316,10,1988
317,9,1988
318,63,1988
319,60,1988
320,12,1988
321,38,1988
322,14,1988
323,38,1988
324,45,1988
325,3,1988
326,60,1988
327,103,1988
328,30,1988
329,35,1988
330,19,1988
331,95,1988
332,4,1988
333,24,1988
334,2,1988
335,38,1988
336,21,1988
337,13,1988
338,22,1988
339,96,1988
340,16,1989
341,39,1989
342,59,1989
343,10,1989
344,5,1989
345,2,1989
346,16,1989
347,4,1989
348,25,1989
349,26,1989
350,68,1989
351,69,1989
352,58,1989
353,95,1989
354,60,1989
355,44,1989
356,10,1989
357,18,1989
358,61,1989
359,53,1989
360,51,1989
361,26,1989
362,64,1989
363,74,1989
364,12,1989
365,43,1989
366,28,1989
367,44,1989
368,54,1989
369,54,1989
370,1,1989
371,11,1989
372,52,1989
373,11,1989
374,37,1989
375,8,1989
376,36,1989
377,60,1989
378,8,1989
379,28,1989
380,8,1989
381,16,1989
382,9,1989
383,6,1989
384,28,1989
385,81,1989
386,119,1989
387,2,1989
388,31,1989
389,129,1989
390,29,1989
391,58,1989
392,1,1989
393,74,1989
394,3,1989
395,2,1989
396,94,1989
397,37,1989
398,67,1989
399,134,1989
400,35,1989
401,44,1989
402,9,1989
403,30,1989
404,3,1989
405,66,1989
406,53,1989
407,32,1989
408,7,1989
409,5,1989
410,28,1989
411,19,1989
412,35,1989
413,8,1989
414,35,1989
415,54,1989
416,15,1989
417,28,1989
418,11,1989
419,54,1989
420,5,1989
421,69,1989
422,18,1989
423,14,1989
424,71,1989
425,23,1989
426,52,1989
427,5,1989
428,28,1989
429,8,1989
430,8,1989
431,60,1989
432,3,1989
433,24,1989
434,91,1989
435,25,1989
436,14,1989
437,48,1989
438,6,1989
439,142,1989
440,6,1989
441,36,1989
442,74,1989
443,40,1989
444,38,1989
445,0,1989
446,60,1989
447,33,1989
448,3,1989
449,4,1989
450,41,1989
451,42,1989
452,72,1989
453,27,1989
454,21,1989
455,27,1989
456,76,1989
457,25,1989
458,37,1989
459,5,1989
460,4,1989
461,48,1989
462,23,1989
463,83,1989
464,28,1989
465,51,1989
466,28,1989
467,54,1989
468,32,1989
469,50,1989
470,24,1989
471,2,1989
472,50,1989
473,44,1989
474,1,1989
475,33,1989
476,16,1989
477,78,1989
478,11,1989
479,16,1989
480,6,1989
481,13,1989
482,46,1989
483,75,1989
484,22,1989
485,32,1989
486,76,1989
487,43,1989
488,49,1989
489,19,1989
490,15,1989
491,76,1989
492,90,1989
493,35,1989
494,23,1989
495,76,1989
496,36,1989
497,63,1989
498,94,1989
499,6,1989
500,5,1990
501,81,1990
502,115,1990
503,53,1990
504,59,1990
505,46,1990
506,63,1990
507,141,1990
508,39,1990
509,35,1990
510,37,1990
511,58,1990
512,62,1990
513,62,1990
514,16,1990
515,63,1990
516,30,1990
517,18,1990
518,35,1990
519,27,1990
520,73,1990
521,50,1990
522,82,1990
523,18,1990
524,78,1990
525,25,1990
526,31,1990
527,34,1990
528,27,1990
529,79,1990
530,1,1990
531,8,1990
532,30,1990
533,64,1990
534,61,1990
535,35,1990
536,71,1990
537,30,1990
538,26,1990
539,32,1990
540,3,1990
541,5,1990
542,55,1990
543,20,1990
544,2,1990
545,18,1990
546,2,1990
547,8,1990
548,14,1990
549,9,1990
550,67,1990
551,45,1990
552,53,1990
553,16,1990
554,59,1990
555,19,1990
556,41,1990
557,80,1990
558,11,1990
559,44,1990
560,69,1990
561,19,1990
562,79,1990
563,28,1990
564,77,1990
565,23,1990
566,52,1990
567,14,1990
568,90,1990
569,2,1990
570,39,1990
571,8,1990
572,49,1990
573,34,1990
574,6,1990
575,22,1990
576,14,1990
577,23,1990
578,69,1990
579,11,1990
580,30,1990
581,20,1990
582,45,1990
583,33,1990
584,19,1990
585,33,1990
586,54,1990
587,59,1990
588,18,1990
589,90,1990
590,37,1990
591,82,1990
592,26,1990
593,83,1990
594,7,1990
595,68,1990
596,127,1990
597,72,1990
598,18,1990
599,54,1990
600,75,1990
601,16,1990
602,10,1990
603,44,1990
604,49,1990
605,43,1990
606,15,1990
607,8,1990
608,27,1990
609,91,1990
610,36,1990
611,24,1990
612,31,1990
613,79,1990
614,19,1990
615,21,1990
616,75,1990
617,15,1990
618,3,1990
619,10,1990
620,13,1990
621,68,1990
622,2,1990
623,38,1990
624,29,1990
625,15,1990
626,35,1990
627,36,1990
628,67,1990
629,66,1990
630,34,1990
631,6,1990
632,48,1990
633,31,1990
634,20,1990
635,83,1990
636,1,1990
637,27,1990
638,64,1990
639,36,1990
640,92,1990
641,31,1990
642,86,1990
643,24,1990
644,2,1990
645,36,1990
646,41,1990
647,21,1990
648,12,1990
649,89,1990
650,35,1990
651,7,1990
652,12,1990
653,30,1990
654,0,1990
655,9,1990
656,59,1990
657,30,1990
658,63,1990
659,63,1990
660,48,1990
661,86,1991
662,25,1991
663,79,1991
664,70,1991
665,131,1991
666,27,1991
667,46,1991
668,23,1991
669,91,1991
670,26,1991
671,4,1991
672,57,1991
673,59,1991
674,73,1991
675,57,1991
676,9,1991
677,49,1991
678,24,1991
679,72,1991
680,37,1991
681,16,1991
682,0,1991
683,45,1991
684,45,1991
685,102,1991
686,31,1991
687,70,1991
688,11,1991
689,24,1991
690,22,1991
691,37,1991
692,65,1991
693,54,1991
694,36,1991
695,45,1991
696,34,1991
697,31,1991
698,157,1991
699,31,1991
700,44,1991
701,82,1991
702,21,1991
703,13,1991
704,131,1991
705,32,1991
706,46,1991
707,31,1991
708,77,1991
709,7,1991
710,39,1991
711,44,1991
712,69,1991
713,57,1991
714,2,1991
715,42,1991
716,12,1991
717,16,1991
718,5,1991
719,6,1991
720,99,1991
721,34,1991
722,21,1991
723,43,1991
724,14,1991
725,28,1991
726,7,1991
727,34,1991
728,37,1991
729,26,1991
730,6,1991
731,16,1991
732,84,1991
733,41,1991
734,47,1991
735,20,1991
736,0,1991
737,52,1991
738,3,1991
739,6,1991
740,40,1991
741,35,1991
742,118,1991
743,2,1991
744,87,1991
745,38,1991
746,14,1991
747,30,1991
748,13,1991
749,44,1991
750,50,1991
751,99,1991
752,39,1991
753,33,1991
754,3,1991
755,66,1991
756,64,1991
757,33,1991
758,46,1991
759,19,1991
760,123,1991
761,44,1991
762,83,1991
763,63,1991
764,24,1991
765,53,1991
766,6,1991
767,24,1991
768,28,1991
769,65,1991
770,81,1991
771,7,1991
772,17,1991
773,49,1991
774,37,1991
775,13,1991
776,11,1991
777,1,1991
778,74,1991
779,13,1991
780,6,1991
781,68,1991
782,4,1991
783,7,1991
784,3,1991
785,32,1991
786,12,1991
787,57,1991
788,101,1991
789,7,1991
790,27,1991
791,52,1991
792,67,1991
793,2,1991
794,101,1991
795,14,1991
796,59,1991
797,15,1991
798,1,1991
799,45,1991
800,126,1991
801,72,1991
802,54,1991
803,24,1991
804,36,1991
805,51,1991
806,1,1991
807,27,1991
808,4,1991
809,17,1991
810,24,1991
811,12,1991
812,46,1991
813,120,1991
814,33,1991
815,98,1991
816,32,1991
817,11,1991
818,63,1991
819,41,1991
820,39,1991
821,10,1991
822,80,1991
823,36,1991
824,15,1991
825,73,1991
826,38,1991
827,23,1991
828,7,1991
829,2,1991
830,38,1991
831,15,1991
832,53,1991
833,24,1992
834,20,1992
835,27,1992
836,17,1992
837,26,1992
838,66,1992
839,8,1992
840,66,1992
841,3,1992
842,32,1992
843,52,1992
844,19,1992
845,26,1992
846,9,1992
847,126,1992
848,24,1992
849,33,1992
850,22,1992
851,15,1992
852,50,1992
853,10,1992
854,9,1992
855,33,1992
856,24,1992
857,46,1992
858,21,1992
859,0,1992
860,39,1992
861,27,1992
862,34,1992
863,20,1992
864,33,1992
865,49,1992
866,1,1992
867,24,1992
868,8,1992
869,1,1992
870,60,1992
871,98,1992
872,0,1992
873,79,1992
874,50,1992
875,74,1992
876,20,1992
877,164,1992
878,56,1992
879,33,1992
880,74,1992
881,60,1992
882,59,1992
883,52,1992
884,123,1992
885,59,1992
886,39,1992
887,72,1992
888,57,1992
889,24,1992
890,32,1992
891,42,1992
892,5,1992
893,40,1992
894,36,1992
895,17,1992
896,52,1992
897,15,1992
898,108,1992
899,61,1992
900,3,1992
901,3,1992
902,34,1992
903,59,1992
904,34,1992
905,43,1992
906,35,1992
907,44,1992
908,62,1992
909,51,1992
910,28,1992
911,26,1992
912,1,1992
913,1,1992
914,53,1992
915,77,1992
916,56,1992
917,23,1992
918,107,1992
919,34,1992
920,1,1992
921,35,1992
922,49,1992
923,14,1992
924,19,1992
925,6,1992
926,44,1992
927,75,1992
928,67,1992
929,75,1992
930,8,1992
931,3,1992
932,4,1992
933,9,1992
934,22,1992
935,22,1992
936,19,1992
937,28,1992
938,63,1992
939,99,1992
940,87,1992
941,53,1992
942,1,1992
943,73,1992
944,39,1992
945,13,1992
946,12,1992
947,53,1992
948,3,1992
949,18,1992
950,37,1992
951,16,1992
952,41,1992
953,66,1992
954,49,1992
955,82,1992
956,22,1992
957,75,1992
958,75,1992
959,19,1992
960,46,1992
961,7,1992
962,85,1992
963,131,1992
964,47,1992
965,160,1992
966,9,1992
967,18,1992
968,9,1992
969,110,1992
970,31,1992
971,52,1992
972,32,1992
973,19,1992
974,20,1992
975,35,1992
976,33,1992
977,30,1992
978,82,1992
979,84,1992
980,93,1992
981,16,1992
982,51,1992
983,6,1992
984,35,1992
985,68,1992
986,16,1992
987,59,1992
988,15,1992
989,30,1992
990,91,1992
991,30,1992
992,34,1992
993,19,1992
994,46,1992
995,57,1992
996,5,1992
997,33,1992
998,8,1992
999,13,1992
1000,61,1992
1001,29,1992
1002,38,1992
1003,64,1992
1004,28,1992
1005,20,1993
1006,23,1993
1007,24,1993
1008,6,1993
1009,23,1993
1010,13,1993
1011,94,1993
1012,46,1993
1013,10,1993
1014,7,1993
1015,8,1993
1016,0,1993
1017,15,1993
1018,57,1993
1019,38,1993
1020,3,1993
1021,2,1993
1022,44,1993
1023,24,1993
1024,2,1993
1025,30,1993
1026,1,1993
1027,22,1993
1028,29,1993
1029,46,1993
1030,86,1993
1031,52,1993
1032,37,1993
1033,93,1993
1034,46,1993
1035,1,1993
1036,45,1993
1037,9,1993
1038,93,1993
1039,17,1993
1040,124,1993
1041,24,1993
1042,36,1993
1043,27,1993
1044,41,1993
1045,32,1993
1046,31,1993
1047,1,1993
1048,43,1993
1049,25,1993
1050,8,1993
1051,44,1993
1052,18,1993
1053,18,1993
1054,28,1993
1055,58,1993
1056,50,1993
1057,162,1993
1058,2,1993
1059,38,1993
1060,10,1993
1061,64,1993
1062,19,1993
1063,46,1993
1064,13,1993
1065,25,1993
1066,4,1993
1067,2,1993
1068,29,1993
1069,70,1993
1070,83,1993
1071,54,1993
1072,37,1993
1073,26,1993
1074,29,1993
1075,55,1993
1076,57,1993
1077,45,1993
1078,30,1993
1079,51,1993
1080,6,1993
1081,78,1993
1082,25,1993
1083,34,1993
1084,79,1993
1085,41,1993
1086,7,1993
1087,3,1993
1088,33,1993
1089,78,1993
1090,23,1993
1091,28,1993
1092,20,1993
1093,40,1993
1094,44,1993
1095,1,1993
1096,46,1993
1097,56,1993
1098,116,1993
1099,30,1993
1100,1,1993
1101,38,1993
1102,92,1993
1103,14,1993
1104,46,1993
1105,34,1993
1106,93,1993
1107,16,1993
1108,139,1993
1109,64,1993
1110,16,1993
1111,71,1993
1112,86,1993
1113,2,1993
1114,42,1993
1115,15,1993
1116,13,1993
1117,21,1993
1118,8,1993
1119,92,1993
1120,19,1993
1121,37,1993
1122,68,1993
1123,19,1993
1124,94,1993
1125,62,1993
1126,31,1993
1127,37,1993
1128,89,1993
1129,21,1993
1130,82,1993
1131,12,1993
1132,23,1993
1133,5,1993
1134,60,1993
1135,15,1993
1136,13,1993
1137,7,1993
1138,44,1993
1139,59,1993
1140,22,1993
1141,42,1993
1142,32,1993
1143,54,1993
1144,104,1993
1145,27,1993
1146,62,1993
1147,121,1993
1148,20,1993
1149,1,1993
1150,43,1993
1151,12,1993
1152,57,1993
1153,24,1993
1154,23,1993
1155,51,1993
1156,2,1993
1157,15,1993
1158,18,1993
1159,32,1993
1160,11,1993
1161,44,1993
1162,2,1994
1163,3,1994
1164,11,1994
1165,56,1994
1166,10,1994
1167,66,1994
1168,65,1994
1169,13,1994
1170,69,1994
1171,54,1994
1172,19,1994
1173,62,1994
1174,88,1994
1175,34,1994
1176,127,1994
1177,96,1994
1178,33,1994
1179,14,1994
1180,29,1994
1181,19,1994
1182,1,1994
1183,14,1994
1184,13,1994
1185,18,1994
1186,76,1994
1187,87,1994
1188,53,1994
1189,27,1994
1190,87,1994
1191,4,1994
1192,15,1994
1193,8,1994
1194,17,1994
1195,71,1994
1196,42,1994
1197,5,1994
1198,37,1994
1199,60,1994
1200,11,1994
1201,41,1994
1202,13,1994
1203,32,1994
1204,37,1994
1205,28,1994
1206,1,1994
1207,66,1994
1208,28,1994
1209,29,1994
1210,49,1994
1211,99,1994
1212,94,1994
1213,43,1994
1214,3,1994
1215,33,1994
1216,1,1994
1217,9,1994
1218,64,1994
1219,31,1994
1220,97,1994
1221,13,1994
1222,26,1994
1223,36,1994
1224,74,1994
1225,11,1994
1226,12,1994
1227,39,1994
1228,27,1994
1229,23,1994
1230,25,1994
1231,46,1994
1232,55,1994
1233,64,1994
1234,20,1994
1235,44,1994
1236,3,1994
1237,80,1994
1238,27,1994
1239,9,1994
1240,58,1994
1241,28,1994
1242,66,1994
1243,13,1994
1244,80,1994
1245,5,1994
1246,74,1994
1247,37,1994
1248,33,1994
1249,5,1994
1250,18,1994
1251,18,1994
1252,0,1994
1253,104,1994
1254,16,1994
1255,44,1994
1256,34,1994
1257,79,1994
1258,46,1994
1259,36,1994
1260,98,1994
1261,7,1994
1262,7,1994
1263,20,1994
1264,64,1994
1265,30,1994
1266,3,1994
1267,49,1994
1268,36,1994
1269,60,1994
1270,25,1994
1271,38,1994
1272,28,1994
1273,61,1994
1274,43,1994
1275,4,1994
1276,64,1994
1277,14,1994
1278,12,1994
1279,40,1994
1280,32,1994
1281,10,1994
1282,7,1994
1283,36,1994
1284,48,1994
1285,20,1994
1286,32,1994
1287,77,1994
1288,10,1994
1289,53,1994
1290,66,1994
1291,33,1994
1292,28,1994
1293,32,1994
1294,1,1994
1295,46,1994
1296,15,1994
1297,28,1994
1298,84,1994
1299,9,1994
1300,28,1994
1301,41,1994
1302,45,1994
1303,8,1994
1304,28,1994
1305,3,1994
1306,20,1994
1307,33,1994
1308,3,1994
1309,60,1994
1310,10,1994
1311,52,1994
1312,64,1994
1313,86,1994
1314,113,1994
1315,12,1994
1316,40,1994
1317,2,1994
1318,11,1994
1319,57,1994
1320,64,1994
1321,76,1994
1322,38,1994
1323,18,1994
1324,19,1994
1325,71,1994
1326,46,1994
1327,23,1994
1328,5,1994
1329,2,1994
1330,27,1994
1331,33,1994
1332,79,1994
1333,65,1994
1334,6,1994
1335,80,1994
1336,3,1995
1337,5,1995
1338,57,1995
1339,74,1995
1340,14,1995
1341,46,1995
1342,29,1995
1343,17,1995
1344,9,1995
1345,24,1995
1346,69,1995
1347,19,1995
1348,5,1995
1349,27,1995
1350,4,1995
1351,26,1995
1352,98,1995
1353,48,1995
1354,43,1995
1355,27,1995
1356,6,1995
1357,66,1995
1358,5,1995
1359,16,1995
1360,19,1995
1361,32,1995
1362,36,1995
1363,37,1995
1364,10,1995
1365,23,1995
1366,49,1995
1367,0,1995
1368,16,1995
1369,2,1995
1370,89,1995
1371,20,1995
1372,57,1995
1373,59,1995
1374,116,1995
1375,34,1995
1376,8,1995
1377,12,1995
1378,23,1995
1379,11,1995
1380,88,1995
1381,58,1995
1382,28,1995
1383,47,1995
1384,14,1995
1385,8,1995
1386,30,1995
1387,5,1995
1388,21,1995
1389,18,1995
1390,85,1995
1391,7,1995
1392,72,1995
1393,33,1995
1394,38,1995
1395,62,1995
1396,21,1995
1397,72,1995
1398,21,1995
1399,18,1995
1400,61,1995
1401,34,1995
1402,2,1995
1403,56,1995
1404,28,1995
1405,27,1995
1406,26,1995
1407,66,1995
1408,27,1995
1409,25,1995
1410,25,1995
1411,71,1995
1412,14,1995
1413,32,1995
1414,102,1995
1415,45,1995
1416,74,1995
1417,60,1995
1418,11,1995
1419,44,1995
1420,58,1995
1421,71,1995
1422,42,1995
1423,32,1995
1424,18,1995
1425,6,1995
1426,0,1995
1427,21,1995
1428,3,1995
1429,44,1995
1430,17,1995
1431,1,1995
1432,96,1995
1433,52,1995
1434,11,1995
1435,37,1995
1436,16,1995
1437,99,1995
1438,57,1995
1439,19,1995
1440,52,1995
1441,13,1995
1442,41,1995
1443,122,1995
1444,25,1995
1445,30,1995
1446,52,1995
1447,67,1995
1448,0,1995
1449,33,1995
1450,29,1995
1451,81,1995
1452,44,1995
1453,26,1995
1454,49,1995
1455,8,1995
1456,11,1995
1457,29,1995
1458,55,1995
1459,71,1995
1460,58,1995
1461,7,1995
1462,22,1995
1463,7,1995
1464,22,1995
1465,48,1995
1466,45,1995
1467,5,1995
1468,77,1995
1469,50,1995
1470,97,1995
1471,30,1995
1472,44,1995
1473,62,1995
1474,33,1995
1475,30,1995
1476,4,1995
1477,25,1995
1478,52,1995
1479,15,1995
1480,10,1995
1481,8,1995
1482,8,1995
1483,20,1995
1484,23,1995
1485,14,1995
1486,135,1995
1487,126,1995
1488,3,1995
1489,76,1995
1490,29,1995
1491,41,1995
1492,46,1995
1493,19,1995
1494,31,1995
1495,77,1995
1496,31,1995
1497,27,1995
1498,45,1995
1499,32,1995
1500,15,1995
1501,54,1995
1502,1,1995
1503,17,1995
1504,21,1995
1505,103,1995
1506,41,1995
1507,54,1995
1508,37,1995
1509,46,1995
1510,53,1995
1511,23,1995
1512,30,1995
1513,19,1995
1514,82,1995
1515,13,1995
1516,13,1995
1517,58,1995
1518,62,1995
1519,89,1995
1520,61,1995
1521,127,1996
1522,21,1996
1523,18,1996
1524,24,1996
1525,87,1996
1526,22,1996
1527,22,1996
1528,90,1996
1529,26,1996
1530,32,1996
1531,47,1996
1532,131,1996
1533,30,1996
1534,29,1996
1535,29,1996
1536,94,1996
1537,64,1996
1538,73,1996
1539,18,1996
1540,51,1996
1541,59,1996
1542,10,1996
1543,53,1996
1544,34,1996
1545,30,1996
1546,85,1996
1547,96,1996
1548,0,1996
1549,37,1996
1550,47,1996
1551,18,1996
1552,1,1996
1553,12,1996
1554,37,1996
1555,39,1996
1556,1,1996
1557,12,1996
1558,3,1996
1559,26,1996
1560,109,1996
1561,11,1996
1562,0,1996
1563,92,1996
1564,21,1996
1565,106,1996
1566,72,1996
1567,25,1996
1568,16,1996
1569,29,1996
1570,23,1996
1571,44,1996
1572,63,1996
1573,63,1996
1574,51,1996
1575,96,1996
1576,67,1996
1577,10,1996
1578,12,1996
1579,51,1996
1580,55,1996
1581,36,1996
1582,31,1996
1583,67,1996
1584,24,1996
1585,105,1996
1586,34,1996
1587,12,1996
1588,40,1996
1589,54,1996
1590,22,1996
1591,58,1996
1592,63,1996
1593,20,1996
1594,70,1996
1595,0,1996
1596,11,1996
1597,22,1996
1598,54,1996
1599,57,1996
1600,38,1996
1601,79,1996
1602,34,1996
1603,24,1996
1604,44,1996
1605,9,1996
1606,63,1996
1607,1,1996
1608,53,1996
1609,46,1996
1610,21,1996
1611,31,1996
1612,19,1996
1613,77,1996
1614,33,1996
1615,46,1996
1616,12,1996
1617,23,1996
1618,16,1996
1619,21,1996
1620,46,1996
1621,11,1996
1622,127,1996
1623,12,1996
1624,51,1996
1625,55,1996
1626,33,1996
1627,17,1996
1628,8,1996
1629,66,1996
1630,23,1996
1631,51,1996
1632,27,1996
1633,68,1996
1634,2,1996
1635,67,1996
1636,61,1996
1637,17,1996
1638,46,1996
1639,18,1996
1640,35,1996
1641,89,1996
1642,49,1996
1643,58,1996
1644,20,1996
1645,14,1996
1646,34,1996
1647,22,1996
1648,40,1996
1649,113,1996
1650,9,1996
1651,41,1996
1652,47,1996
1653,24,1996
1654,6,1996
1655,99,1996
1656,26,1996
1657,31,1996
1658,10,1996
1659,61,1996
1660,35,1996
1661,17,1996
1662,15,1996
1663,63,1996
1664,6,1996
1665,24,1996
1666,67,1996
1667,36,1996
1668,45,1996
1669,53,1996
1670,19,1996
1671,48,1996
1672,18,1996
1673,21,1996
1674,65,1996
1675,87,1996
1676,23,1996
1677,6,1996
1678,38,1996
1679,59,1996
1680,13,1996
1681,13,1996
1682,1,1996
1683,17,1996
1684,18,1996
1685,30,1996
1686,57,1996
1687,73,1996
1688,151,1996
1689,3,1996
1690,35,1996
1691,49,1996
1692,42,1996
1693,1,1996
1694,69,1996
1695,86,1996
1696,32,1996
1697,1,1996
1698,55,1996
1699,6,1996
1700,60,1996
1701,77,1996
1702,97,1996
1703,1,1996
1704,38,1996
1705,43,1996
1706,15,1997
1707,6,1997
1708,41,1997
1709,79,1997
1710,4,1997
1711,9,1997
1712,36,1997
1713,7,1997
1714,107,1997
1715,28,1997
1716,6,1997
1717,7,1997
1718,14,1997
1719,33,1997
1720,97,1997
1721,26,1997
1722,8,1997
1723,19,1997
1724,7,1997
1725,39,1997
1726,42,1997
1727,12,1997
1728,40,1997
1729,28,1997
1730,2,1997
1731,24,1997
1732,46,1997
1733,5,1997
1734,17,1997
1735,26,1997
1736,7,1997
1737,11,1997
1738,29,1997
1739,6,1997
1740,48,1997
1741,25,1997
1742,50,1997
1743,95,1997
1744,2,1997
1745,8,1997
1746,14,1997
1747,54,1997
1748,1,1997
1749,31,1997
1750,10,1997
1751,59,1997
1752,64,1997
1753,86,1997
1754,43,1997
1755,45,1997
1756,22,1997
1757,32,1997
1758,55,1997
1759,65,1997
1760,79,1997
1761,53,1997
1762,46,1997
1763,28,1997
1764,79,1997
1765,89,1997
1766,5,1997
1767,24,1997
1768,25,1997
1769,52,1997
1770,51,1997
1771,14,1997
1772,37,1997
1773,17,1997
1774,47,1997
1775,25,1997
1776,28,1997
1777,32,1997
1778,38,1997
1779,45,1997
1780,28,1997
1781,53,1997
1782,25,1997
1783,3,1997
1784,22,1997
1785,33,1997
1786,6,1997
1787,21,1997
1788,33,1997
1789,35,1997
1790,52,1997
1791,16,1997
1792,21,1997
1793,26,1997
1794,54,1997
1795,6,1997
1796,16,1997
1797,12,1997
1798,31,1997
1799,97,1997
1800,85,1997
1801,22,1997
1802,7,1997
1803,93,1997
1804,15,1997
1805,56,1997
1806,17,1997
1807,15,1997
1808,10,1997
1809,63,1997
1810,75,1997
1811,15,1997
1812,8,1997
1813,36,1997
1814,54,1997
1815,32,1997
1816,18,1997
1817,63,1997
1818,10,1997
1819,64,1997
1820,19,1997
1821,10,1997
1822,100,1997
1823,76,1997
1824,1,1997
1825,18,1997
1826,31,1997
1827,78,1997
1828,79,1997
1829,32,1997
1830,53,1997
1831,37,1997
1832,56,1997
1833,6,1997
1834,50,1997
1835,9,1997
1836,137,1997
1837,97,1997
1838,38,1997
1839,47,1997
1840,48,1997
1841,52,1997
1842,19,1997
1843,116,1997
1844,85,1997
1845,15,1997
1846,70,1997
1847,41,1997
1848,33,1997
1849,22,1997
1850,57,1997
1851,43,1997
1852,16,1997
1853,21,1997
1854,38,1997
1855,9,1997
1856,7,1997
1857,5,1997
1858,38,1997
1859,0,1997
1860,28,1997
1861,13,1997
1862,10,1997
1863,43,1997
1864,1,1997
1865,58,1997
1866,52,1997
1867,35,1997
1868,18,1997
1869,38,1997
1870,4,1997
1871,32,1997
1872,85,1997
1873,9,1997
1874,39,1997
1875,18,1997
1876,40,1997
1877,10,1997
1878,2,1997
1879,11,1997
1880,4,1997
1881,33,1997
1882,35,1997
1883,46,1997
1884,18,1997
1885,33,1997
1886,13,1997
1887,8,1997
1888,31,1997
1889,2,1997
1890,31,1997
1891,2,1998
1892,18,1998
1893,10,1998
1894,46,1998
1895,39,1998
1896,23,1998
1897,14,1998
1898,7,1998
1899,60,1998
1900,25,1998
1901,38,1998
1902,45,1998
1903,19,1998
1904,56,1998
1905,89,1998
1906,93,1998
1907,29,1998
1908,6,1998
1909,34,1998
1910,27,1998
1911,103,1998
1912,22,1998
1913,13,1998
1914,1,1998
1915,45,1998
1916,19,1998
1917,8,1998
1918,15,1998
1919,24,1998
1920,9,1998
1921,2,1998
1922,17,1998
1923,15,1998
1924,20,1998
1925,41,1998
1926,17,1998
1927,49,1998
1928,26,1998
1929,16,1998
1930,22,1998
1931,35,1998
1932,17,1998
1933,36,1998
1934,8,1998
1935,29,1998
1936,4,1998
1937,2,1998
1938,19,1998
1939,36,1998
1940,42,1998
1941,9,1998
1942,89,1998
1943,17,1998
1944,42,1998
1945,8,1998
1946,28,1998
1947,14,1998
1948,22,1998
1949,27,1998
1950,10,1998
1951,13,1998
1952,40,1998
1953,3,1998
1954,8,1998
1955,15,1998
1956,13,1998
1957,41,1998
1958,48,1998
1959,38,1998
1960,21,1998
1961,37,1998
1962,17,1998
1963,13,1998
1964,101,1998
1965,6,1998
1966,30,1998
1967,24,1998
1968,53,1998
1969,7,1998
1970,23,1998
1971,60,1998
1972,2,1998
1973,47,1998
1974,17,1998
1975,71,1998
1976,67,1998
1977,27,1998
1978,29,1998
1979,15,1998
1980,2,1998
1981,26,1998
1982,95,1998
1983,26,1998
1984,0,1998
1985,35,1998
1986,35,1998
1987,11,1998
1988,26,1998
1989,9,1998
1990,2,1998
1991,34,1998
1992,11,1998
1993,8,1998
1994,85,1998
1995,18,1998
1996,18,1998
1997,16,1998
1998,90,1998
1999,15,1998
2000,17,1998
2001,52,1998
2002,37,1998
2003,62,1998
2004,27,1998
2005,27,1998
2006,66,1998
2007,18,1998
2008,13,1998
2009,10,1998
2010,33,1998
2011,4,1998
2012,24,1998
2013,91,1998
2014,23,1998
2015,86,1998
2016,14,1998
2017,34,1998
2018,19,1998
2019,1,1998
2020,65,1998
2021,21,1998
2022,80,1998
2023,21,1998
2024,3,1998
2025,60,1998
2026,9,1998
2027,43,1998
2028,34,1998
2029,70,1998
2030,95,1998
2031,55,1998
2032,6,1998
2033,36,1998
2034,39,1998
2035,27,1998
2036,59,1998
2037,33,1998
2038,49,1998
2039,1,1998
2040,6,1998
2041,74,1998
2042,19,1998
2043,104,1998
2044,74,1998
2045,35,1998
2046,2,1998
2047,10,1998
2048,30,1998
2049,23,1998
2050,39,1998
2051,11,1998
2052,77,1998
2053,8,1998
2054,13,1998
2055,55,1998
2056,21,1998
2057,53,1998
2058,31,1998
2059,5,1998
2060,89,1998
2061,10,1998
2062,25,1998
2063,1,1998
2064,12,1998
2065,76,1998
2066,54,1998
2067,22,1998
2068,2,1998
2069,48,1998
2070,70,1998
2071,51,1998
2072,27,1998
2073,30,1998
2074,68,1998
2075,35,1998
2076,39,1999
2077,6,1999
2078,17,1999
2079,89,1999
2080,13,1999
2081,4,1999
2082,15,1999
2083,29,1999
2084,35,1999
2085,21,1999
2086,4,1999
2087,12,1999
2088,10,1999
2089,46,1999
2090,13,1999
2091,29,1999
2092,10,1999
2093,81,1999
2094,23,1999
2095,34,1999
2096,6,1999
2097,2,1999
2098,36,1999
2099,15,1999
2100,1,1999
2101,50,1999
2102,29,1999
2103,2,1999
2104,61,1999
2105,8,1999
2106,41,1999
2107,74,1999
2108,62,1999
2109,2,1999
2110,24,1999
2111,26,1999
2112,50,1999
2113,8,1999
2114,81,1999
2115,55,1999
2116,41,1999
2117,72,1999
2118,2,1999
2119,23,1999
2120,35,1999
2121,25,1999
2122,28,1999
2123,28,1999
2124,20,1999
2125,20,1999
2126,34,1999
2127,21,1999
2128,45,1999
2129,17,1999
2130,28,1999
2131,56,1999
2132,43,1999
2133,40,1999
2134,64,1999
2135,52,1999
2136,39,1999
2137,54,1999
2138,41,1999
2139,16,1999
2140,38,1999
2141,33,1999
2142,60,1999
2143,11,1999
2144,30,1999
2145,13,1999
2146,57,1999
2147,62,1999
2148,54,1999
2149,48,1999
2150,6,1999
2151,10,1999
2152,22,1999
2153,51,1999
2154,7,1999
2155,17,1999
2156,33,1999
2157,16,1999
2158,2,1999
2159,29,1999
2160,39,1999
2161,0,1999
2162,20,1999
2163,11,1999
2164,35,1999
2165,13,1999
2166,18,1999
2167,36,1999
2168,5,1999
2169,65,1999
2170,1,1999
2171,27,1999
2172,4,1999
2173,20,1999
2174,36,1999
2175,44,1999
2176,21,1999
2177,18,1999
2178,35,1999
2179,1,1999
2180,1,1999
2181,2,1999
2182,41,1999
2183,35,1999
2184,63,1999
2185,36,1999
2186,22,1999
2187,34,1999
2188,29,1999
2189,31,1999
2190,48,1999
2191,3,1999
2192,51,1999
2193,23,1999
2194,37,1999
2195,42,1999
2196,25,1999
2197,39,1999
2198,2,1999
2199,55,1999
2200,76,1999
2201,8,1999
2202,47,1999
2203,32,1999
2204,19,1999
2205,7,1999
2206,41,1999
2207,7,1999
2208,26,1999
2209,57,1999
2210,49,1999
2211,100,1999
2212,22,1999
2213,14,1999
2214,36,1999
2215,33,1999
2216,21,1999
2217,5,1999
2218,25,1999
2219,52,1999
2220,60,1999
2221,32,1999
2222,69,1999
2223,10,1999
2224,33,1999
2225,24,1999
2226,39,1999
2227,68,1999
2228,22,1999
2229,25,1999
2230,2,1999
2231,17,1999
2232,36,1999
2233,9,1999
2234,114,1999
2235,118,1999
2236,58,1999
2237,61,1999
2238,55,1999
2239,2,1999
2240,33,1999
2241,24,1999
2242,2,1999
2243,13,1999
2244,11,1999
2245,41,1999
2246,42,1999
2247,17,1999
2248,67,1999
2249,85,1999
2250,51,1999
2251,76,1999
2252,5,1999
2253,44,1999
2254,73,1999
2255,69,1999
2256,53,1999
2257,54,1999
2258,45,1999
2259,1,1999
2260,35,1999
2261,2,2000
2262,94,2000
2263,43,2000
2264,22,2000
2265,23,2000
2266,34,2000
2267,54,2000
2268,40,2000
2269,43,2000
2270,25,2000
2271,40,2000
2272,38,2000
2273,42,2000
2274,11,2000
2275,29,2000
2276,12,2000
2277,36,2000
2278,11,2000
2279,0,2000
2280,7,2000
2281,47,2000
2282,73,2000
2283,12,2000
2284,36,2000
2285,5,2000
2286,114,2000
2287,47,2000
2288,39,2000
2289,5,2000
2290,1,2000
2291,43,2000
2292,90,2000
2293,8,2000
2294,24,2000
2295,31,2000
2296,30,2000
2297,8,2000
2298,39,2000
2299,81,2000
2300,26,2000
2301,63,2000
2302,32,2000
2303,39,2000
2304,117,2000
2305,91,2000
2306,6,2000
2307,86,2000
2308,25,2000
2309,12,2000
2310,9,2000
2311,31,2000
2312,7,2000
2313,61,2000
2314,51,2000
2315,40,2000
2316,11,2000
2317,61,2000
2318,40,2000
2319,6,2000
2320,25,2000
2321,45,2000
2322,70,2000
2323,64,2000
2324,22,2000
2325,1,2000
2326,9,2000
2327,3,2000
2328,25,2000
2329,13,2000
2330,65,2000
2331,26,2000
2332,29,2000
2333,30,2000
2334,48,2000
2335,0,2000
2336,27,2000
2337,48,2000
2338,58,2000
2339,88,2000
2340,18,2000
2341,62,2000
2342,30,2000
2343,58,2000
2344,93,2000
2345,3,2000
2346,35,2000
2347,36,2000
2348,3,2000
2349,86,2000
2350,59,2000
2351,50,2000
2352,12,2000
2353,4,2000
2354,50,2000
2355,25,2000
2356,17,2000
2357,9,2000
2358,98,2000
2359,14,2000
2360,84,2000
2361,7,2000
2362,49,2000
2363,44,2000
2364,31,2000
2365,4,2000
2366,65,2000
2367,36,2000
2368,73,2000
2369,85,2000
2370,10,2000
2371,13,2000
2372,35,2000
2373,33,2000
2374,69,2000
2375,69,2000
2376,24,2000
2377,32,2000
2378,4,2000
2379,27,2000
2380,28,2000
2381,57,2000
2382,31,2000
2383,6,2000
2384,10,2000
2385,28,2000
2386,44,2000
2387,61,2000
2388,61,2000
2389,24,2000
2390,101,2000
2391,1,2000
2392,18,2000
2393,38,2000
2394,57,2000
2395,57,2000
2396,71,2000
2397,87,2000
2398,26,2000
2399,7,2000
2400,78,2000
2401,86,2000
2402,111,2000
2403,43,2000
2404,18,2000
2405,39,2000
2406,17,2000
2407,3,2000
2408,83,2000
2409,27,2000
2410,20,2000
2411,18,2000
2412,67,2000
2413,26,2000
2414,30,2000
2415,54,2000
2416,21,2000
2417,9,2000
2418,83,2000
2419,40,2000
2420,37,2000
2421,11,2000
2422,31,2000
2423,90,2000
2424,1,2000
2425,5,2000
2426,1,2000
2427,18,2000
2428,18,2000
2429,15,2000
2430,43,2000
2431,19,2000
2432,4,2000
2433,107,2000
2434,70,2000
2435,47,2000
2436,73,2000
2437,9,2000
2438,125,2000
2439,34,2000
2440,9,2000
2441,10,2000
2442,82,2000
2443,50,2000
2444,45,2000
2445,60,2000
2446,85,2001
2447,4,2001
2448,1,2001
2449,5,2001
2450,6,2001
2451,66,2001
2452,31,2001
2453,52,2001
2454,38,2001
2455,26,2001
2456,42,2001
2457,17,2001
2458,3,2001
2459,60,2001
2460,29,2001
2461,15,2001
2462,17,2001
2463,22,2001
2464,72,2001
2465,80,2001
2466,65,2001
2467,18,2001
2468,23,2001
2469,20,2001
2470,15,2001
2471,47,2001
2472,9,2001
2473,53,2001
2474,24,2001
2475,64,2001
2476,20,2001
2477,39,2001
2478,8,2001
2479,39,2001
2480,33,2001
2481,29,2001
2482,15,2001
2483,49,2001
2484,46,2001
2485,15,2001
2486,51,2001
2487,26,2001
2488,45,2001
2489,43,2001
2490,55,2001
2491,8,2001
2492,88,2001
2493,13,2001
2494,30,2001
2495,46,2001
2496,20,2001
2497,11,2001
2498,2,2001
2499,32,2001
2500,71,2001
2501,40,2001
2502,28,2001
2503,74,2001
2504,80,2001
2505,49,2001
2506,9,2001
2507,6,2001
2508,21,2001
2509,22,2001
2510,13,2001
2511,18,2001
2512,48,2001
2513,5,2001
2514,65,2001
2515,20,2001
2516,42,2001
2517,19,2001
2518,46,2001
2519,119,2001
2520,43,2001
2521,31,2001
2522,28,2001
2523,11,2001
2524,18,2001
2525,38,2001
2526,42,2001
2527,3,2001
2528,22,2001
2529,30,2001
2530,86,2001
2531,27,2001
2532,47,2001
2533,77,2001
2534,49,2001
2535,7,2001
2536,10,2001
2537,49,2001
2538,81,2001
2539,3,2001
2540,26,2001
2541,34,2001
2542,87,2001
2543,61,2001
2544,46,2001
2545,22,2001
2546,2,2001
2547,7,2001
2548,39,2001
2549,19,2001
2550,78,2001
2551,58,2001
2552,13,2001
2553,57,2001
2554,18,2001
2555,28,2001
2556,10,2001
2557,92,2001
2558,97,2001
2559,34,2001
2560,6,2001
2561,21,2001
2562,44,2001
2563,26,2001
2564,15,2001
2565,44,2001
2566,41,2001
2567,75,2001
2568,55,2001
2569,34,2001
2570,34,2001
2571,49,2001
2572,12,2001
2573,70,2001
2574,2,2001
2575,12,2001
2576,16,2001
2577,29,2001
2578,21,2001
2579,7,2001
2580,3,2001
2581,35,2001
2582,20,2001
2583,107,2001
2584,3,2001
2585,16,2001
2586,33,2001
2587,8,2001
2588,7,2001
2589,92,2001
2590,49,2001
2591,11,2001
2592,85,2001
2593,53,2001
2594,31,2001
2595,42,2001
2596,2,2001
2597,34,2001
2598,62,2001
2599,65,2001
2600,20,2001
2601,30,2001
2602,46,2001
2603,44,2001
2604,33,2001
2605,51,2001
2606,4,2001
2607,77,2001
2608,68,2001
2609,89,2001
2610,43,2001
2611,38,2001
2612,35,2001
2613,87,2001
2614,24,2001
2615,70,2001
2616,37,2001
2617,2,2001
2618,31,2001
2619,43,2001
2620,112,2001
2621,10,2001
2622,70,2001
2623,68,2001
2624,32,2001
2625,55,2001
2626,11,2001
2627,3,2001
2628,9,2001
2629,68,2001
2630,26,2001
2631,37,2002
2632,24,2002
2633,50,2002
2634,10,2002
2635,23,2002
2636,19,2002
2637,19,2002
2638,26,2002
2639,52,2002
2640,78,2002
2641,13,2002
2642,1,2002
2643,31,2002
2644,102,2002
2645,3,2002
2646,27,2002
2647,20,2002
2648,20,2002
2649,30,2002
2650,8,2002
2651,50,2002
2652,10,2002
2653,32,2002
2654,83,2002
2655,41,2002
2656,41,2002
2657,34,2002
2658,16,2002
2659,3,2002
2660,53,2002
2661,66,2002
2662,122,2002
2663,33,2002
2664,23,2002
2665,46,2002
2666,42,2002
2667,0,2002
2668,8,2002
2669,62,2002
2670,19,2002
2671,83,2002
2672,27,2002
2673,68,2002
2674,28,2002
2675,57,2002
2676,54,2002
2677,28,2002
2678,32,2002
2679,25,2002
2680,49,2002
2681,29,2002
2682,6,2002
2683,52,2002
2684,3,2002
2685,10,2002
2686,57,2002
2687,9,2002
2688,75,2002
2689,5,2002
2690,3,2002
2691,21,2002
2692,69,2002
2693,99,2002
2694,17,2002
2695,5,2002
2696,12,2002
2697,4,2002
2698,9,2002
2699,2,2002
2700,56,2002
2701,30,2002
2702,38,2002
2703,8,2002
2704,19,2002
2705,11,2002
2706,7,2002
2707,26,2002
2708,28,2002
2709,50,2002
2710,40,2002
2711,11,2002
2712,13,2002
2713,59,2002
2714,44,2002
2715,4,2002
2716,65,2002
2717,61,2002
2718,51,2002
2719,7,2002
2720,1,2002
2721,2,2002
2722,11,2002
2723,47,2002
2724,25,2002
2725,15,2002
2726,84,2002
2727,12,2002
2728,33,2002
2729,15,2002
2730,46,2002
2731,42,2002
2732,18,2002
2733,9,2002
2734,77,2002
2735,1,2002
2736,10,2002
2737,84,2002
2738,0,2002
2739,32,2002
2740,22,2002
2741,44,2002
2742,21,2002
2743,23,2002
2744,1,2002
2745,28,2002
2746,63,2002
2747,18,2002
2748,44,2002
2749,2,2002
2750,27,2002
2751,40,2002
2752,29,2002
2753,30,2002
2754,39,2002
2755,26,2002
2756,43,2002
2757,43,2002
2758,38,2002
2759,1,2002
2760,58,2002
2761,4,2002
2762,23,2002
2763,56,2002
2764,39,2002
2765,34,2002
2766,3,2002
2767,108,2002
2768,64,2002
2769,61,2002
2770,37,2002
2771,42,2002
2772,18,2002
2773,5,2002
2774,51,2002
2775,8,2002
2776,38,2002
2777,47,2002
2778,50,2002
2779,9,2002
2780,6,2002
2781,1,2002
2782,48,2002
2783,14,2002
2784,19,2002
2785,55,2002
2786,47,2002
2787,45,2002
2788,7,2002
2789,12,2002
2790,8,2002
2791,15,2002
2792,55,2002
2793,68,2002
2794,38,2002
2795,2,2002
2796,22,2002
2797,11,2002
2798,21,2002
2799,18,2002
2800,6,2002
2801,18,2002
2802,40,2002
2803,41,2002
2804,40,2002
2805,55,2002
2806,17,2002
2807,13,2002
2808,71,2002
2809,33,2002
2810,38,2002
2811,24,2002
2812,12,2002
2813,28,2002
2814,56,2002
2815,9,2002
2816,28,2003
2817,48,2003
2818,26,2003
2819,74,2003
2820,43,2003
2821,56,2003
2822,6,2003
2823,39,2003
2824,16,2003
2825,37,2003
2826,8,2003
2827,26,2003
2828,10,2003
2829,2,2003
2830,23,2003
2831,22,2003
2832,11,2003
2833,57,2003
2834,70,2003
2835,47,2003
2836,0,2003
2837,27,2003
2838,32,2003
2839,48,2003
2840,14,2003
2841,46,2003
2842,42,2003
2843,19,2003
2844,33,2003
2845,45,2003
2846,30,2003
2847,26,2003
2848,66,2003
2849,24,2003
2850,20,2003
2851,12,2003
2852,9,2003
2853,27,2003
2854,35,2003
2855,45,2003
2856,54,2003
2857,27,2003
2858,11,2003
2859,33,2003
2860,20,2003
2861,14,2003
2862,31,2003
2863,15,2003
2864,28,2003
2865,16,2003
2866,42,2003
2867,5,2003
2868,12,2003
2869,19,2003
2870,27,2003
2871,83,2003
2872,53,2003
2873,16,2003
2874,54,2003
2875,9,2003
2876,18,2003
2877,39,2003
2878,41,2003
2879,7,2003
2880,50,2003
2881,77,2003
2882,30,2003
2883,52,2003
2884,65,2003
2885,25,2003
2886,16,2003
2887,34,2003
2888,25,2003
2889,28,2003
2890,11,2003
2891,32,2003
2892,60,2003
2893,17,2003
2894,22,2003
2895,28,2003
2896,3,2003
2897,5,2003
2898,5,2003
2899,54,2003
2900,49,2003
2901,0,2003
2902,40,2003
2903,56,2003
2904,8,2003
2905,64,2003
2906,7,2003
2907,42,2003
2908,16,2003
2909,73,2003
2910,69,2003
2911,33,2003
2912,36,2003
2913,42,2003
2914,39,2003
2915,43,2003
2916,43,2003
2917,30,2003
2918,9,2003
2919,42,2003
2920,68,2003
2921,3,2003
2922,71,2003
2923,76,2003
2924,28,2003
2925,8,2003
2926,7,2003
2927,1,2003
2928,41,2003
2929,41,2003
2930,4,2003
2931,116,2003
2932,51,2003
2933,12,2003
2934,7,2003
2935,15,2003
2936,69,2003
2937,31,2003
2938,7,2003
2939,8,2003
2940,64,2003
2941,5,2003
2942,1,2003
2943,18,2003
2944,56,2003
2945,60,2003
2946,17,2003
2947,18,2003
2948,1,2003
2949,14,2003
2950,57,2003
2951,73,2003
2952,21,2003
2953,54,2003
2954,24,2003
2955,23,2003
2956,34,2003
2957,61,2003
2958,4,2003
2959,4,2003
2960,39,2003
2961,17,2003
2962,39,2003
2963,24,2003
2964,80,2003
2965,1,2003
2966,44,2003
2967,67,2003
2968,37,2003
2969,14,2003
2970,91,2003
2971,0,2003
2972,14,2003
2973,39,2003
2974,14,2003
2975,56,2003
2976,74,2003
2977,18,2003
2978,37,2003
2979,60,2003
2980,10,2003
2981,20,2003
2982,52,2003
2983,65,2003
2984,16,2003
2985,14,2003
2986,34,2003
2987,19,2003
2988,84,2003
2989,124,2003
2990,4,2003
2991,16,2003
2992,44,2003
2993,15,2003
2994,56,2003
2995,12,2003
2996,42,2003
2997,39,2003
2998,44,2003
2999,44,2003
3000,50,2003
3001,40,2004
3002,47,2004
3003,49,2004
3004,2,2004
3005,61,2004
3006,96,2004
3007,75,2004
3008,7,2004
3009,59,2004
3010,9,2004
3011,21,2004
3012,3,2004
3013,34,2004
3014,31,2004
3015,54,2004
3016,29,2004
3017,60,2004
3018,5,2004
3019,6,2004
3020,6,2004
3021,81,2004
3022,10,2004
3023,9,2004
3024,45,2004
3025,37,2004
3026,53,2004
3027,3,2004
3028,49,2004
3029,15,2004
3030,51,2004
3031,34,2004
3032,12,2004
3033,75,2004
3034,49,2004
3035,65,2004
3036,48,2004
3037,12,2004
3038,33,2004
3039,26,2004
3040,55,2004
3041,1,2004
3042,10,2004
3043,1,2004
3044,10,2004
3045,1,2004
3046,43,2004
3047,105,2004
3048,17,2004
3049,26,2004
3050,23,2004
3051,9,2004
3052,44,2004
3053,32,2004
3054,13,2004
3055,49,2004
3056,56,2004
3057,51,2004
3058,23,2004
3059,27,2004
3060,38,2004
3061,47,2004
3062,9,2004
3063,92,2004
3064,14,2004
3065,3,2004
3066,18,2004
3067,59,2004
3068,23,2004
3069,78,2004
3070,1,2004
3071,25,2004
3072,101,2004
3073,30,2004
3074,37,2004
3075,86,2004
3076,26,2004
3077,27,2004
3078,40,2004
3079,4,2004
3080,108,2004
3081,18,2004
3082,74,2004
3083,4,2004
3084,37,2004
3085,74,2004
3086,36,2004
3087,31,2004
3088,46,2004
3089,12,2004
3090,72,2004
3091,23,2004
3092,32,2004
3093,66,2004
3094,10,2004
3095,10,2004
3096,9,2004
3097,66,2004
3098,27,2004
3099,10,2004
3100,31,2004
3101,33,2004
3102,32,2004
3103,26,2004
3104,6,2004
3105,21,2004
3106,11,2004
3107,65,2004
3108,2,2004
3109,18,2004
3110,46,2004
3111,41,2004
3112,72,2004
3113,29,2004
3114,4,2004
3115,78,2004
3116,17,2004
3117,13,2004
3118,68,2004
3119,57,2004
3120,83,2004
3121,44,2004
3122,44,2004
3123,8,2004
3124,36,2004
3125,12,2004
3126,15,2004
3127,52,2004
3128,38,2004
3129,35,2004
3130,80,2004
3131,27,2004
3132,141,2004
3133,49,2004
3134,26,2004
3135,57,2004
3136,56,2004
3137,7,2004
3138,5,2004
3139,48,2004
3140,32,2004
3141,40,2004
3142,7,2004
3143,49,2004
3144,44,2004
3145,33,2004
3146,23,2004
3147,17,2004
3148,6,2004
3149,11,2004
3150,14,2004
3151,31,2004
3152,73,2004
3153,34,2004
3154,50,2004
3155,23,2004
3156,21,2004
3157,86,2004
3158,52,2004
3159,62,2004
3160,51,2004
3161,37,2004
3162,22,2004
3163,31,2004
3164,30,2004
3165,20,2004
3166,45,2004
3167,23,2004
3168,48,2004
3169,1,2004
3170,40,2004
3171,64,2004
3172,29,2004
3173,113,2004
3174,25,2004
3175,17,2004
3176,65,2004
3177,80,2004
3178,5,2004
3179,41,2004
3180,55,2004
3181,51,2004
3182,10,2004
3183,6,2004
3184,9,2004
3185,40,2004
3186,23,2005
3187,20,2005
3188,35,2005
3189,46,2005
3190,63,2005
3191,62,2005
3192,11,2005
3193,32,2005
3194,4,2005
3195,23,2005
3196,26,2005
3197,22,2005
3198,2,2005
3199,1,2005
3200,6,2005
3201,14,2005
3202,48,2005
3203,20,2005
3204,7,2005
3205,8,2005
3206,6,2005
3207,68,2005
3208,4,2005
3209,2,2005
3210,3,2005
3211,46,2005
3212,36,2005
3213,0,2005
3214,56,2005
3215,41,2005
3216,48,2005
3217,47,2005
3218,4,2005
3219,19,2005
3220,19,2005
3221,34,2005
3222,31,2005
3223,73,2005
3224,68,2005
3225,14,2005
3226,6,2005
3227,14,2005
3228,10,2005
3229,45,2005
3230,48,2005
3231,35,2005
3232,38,2005
3233,56,2005
3234,24,2005
3235,18,2005
3236,85,2005
3237,23,2005
3238,6,2005
3239,19,2005
3240,112,2005
3241,47,2005
3242,70,2005
3243,39,2005
3244,36,2005
3245,26,2005
3246,9,2005
3247,24,2005
3248,35,2005
3249,35,2005
3250,46,2005
3251,23,2005
3252,18,2005
3253,19,2005
3254,4,2005
3255,13,2005
3256,85,2005
3257,54,2005
3258,57,2005
3259,28,2005
3260,9,2005
3261,19,2005
3262,43,2005
3263,14,2005
3264,27,2005
3265,117,2005
3266,25,2005
3267,2,2005
3268,25,2005
3269,39,2005
3270,88,2005
3271,23,2005
3272,36,2005
3273,22,2005
3274,24,2005
3275,46,2005
3276,15,2005
3277,58,2005
3278,38,2005
3279,4,2005
3280,29,2005
3281,45,2005
3282,117,2005
3283,15,2005
3284,46,2005
3285,70,2005
3286,69,2005
3287,22,2005
3288,15,2005
3289,1,2005
3290,31,2005
3291,1,2005
3292,77,2005
3293,42,2005
3294,74,2005
3295,6,2005
3296,55,2005
3297,18,2005
3298,4,2005
3299,26,2005
3300,62,2005
3301,78,2005
3302,54,2005
3303,10,2005
3304,80,2005
3305,53,2005
3306,26,2005
3307,69,2005
3308,79,2005
3309,23,2005
3310,26,2005
3311,74,2005
3312,41,2005
3313,35,2005
3314,73,2005
3315,35,2005
3316,24,2005
3317,13,2005
3318,13,2005
3319,21,2005
3320,13,2005
3321,25,2005
3322,13,2005
3323,48,2005
3324,88,2005
3325,7,2005
3326,28,2005
3327,4,2005
3328,35,2005
3329,13,2005
3330,41,2005
3331,43,2005
3332,54,2005
3333,27,2005
3334,20,2005
3335,41,2005
3336,6,2005
3337,14,2005
3338,48,2005
3339,1,2005
3340,23,2005
3341,35,2005
3342,7,2005
3343,84,2005
3344,13,2005
3345,12,2005
3346,5,2005
3347,76,2005
3348,110,2005
3349,30,2005
3350,4,2005
3351,37,2005
3352,99,2005
3353,4,2005
3354,41,2005
3355,8,2005
3356,54,2005
3357,139,2005
3358,45,2005
3359,1,2005
3360,10,2005
3361,30,2005
3362,4,2005
3363,55,2005
3364,8,2005
3365,87,2005
3366,3,2005
3367,83,2005
3368,31,2005
3369,16,2005
3370,4,2005
3371,18,2006
3372,115,2006
3373,77,2006
3374,41,2006
3375,27,2006
3376,22,2006
3377,21,2006
3378,34,2006
3379,11,2006
3380,18,2006
3381,69,2006
3382,47,2006
3383,15,2006
3384,2,2006
3385,26,2006
3386,35,2006
3387,37,2006
3388,52,2006
3389,46,2006
3390,7,2006
3391,31,2006
3392,5,2006
3393,11,2006
3394,77,2006
3395,32,2006
3396,11,2006
3397,1,2006
3398,14,2006
3399,5,2006
3400,24,2006
3401,4,2006
3402,17,2006
3403,8,2006
3404,77,2006
3405,4,2006
3406,22,2006
3407,59,2006
3408,1,2006
3409,41,2006
3410,1,2006
3411,6,2006
3412,5,2006
3413,50,2006
3414,2,2006
3415,14,2006
3416,22,2006
3417,72,2006
3418,32,2006
3419,18,2006
3420,118,2006
3421,14,2006
3422,40,2006
3423,59,2006
3424,33,2006
3425,76,2006
3426,56,2006
3427,75,2006
3428,102,2006
3429,35,2006
3430,26,2006
3431,3,2006
3432,21,2006
3433,69,2006
3434,92,2006
3435,34,2006
3436,20,2006
3437,60,2006
3438,64,2006
3439,65,2006
3440,17,2006
3441,22,2006
3442,68,2006
3443,138,2006
3444,11,2006
3445,3,2006
3446,26,2006
3447,21,2006
3448,13,2006
3449,7,2006
3450,34,2006
3451,42,2006
3452,15,2006
3453,35,2006
3454,2,2006
3455,14,2006
3456,10,2006
3457,96,2006
3458,47,2006
3459,63,2006
3460,66,2006
3461,37,2006
3462,42,2006
3463,36,2006
3464,41,2006
3465,19,2006
3466,13,2006
3467,7,2006
3468,15,2006
3469,70,2006
3470,38,2006
3471,33,2006
3472,9,2006
3473,92,2006
3474,47,2006
3475,37,2006
3476,38,2006
3477,8,2006
3478,10,2006
3479,65,2006
3480,12,2006
3481,39,2006
3482,59,2006
3483,18,2006
3484,36,2006
3485,3,2006
3486,1,2006
3487,2,2006
3488,30,2006
3489,15,2006
3490,10,2006
3491,72,2006
3492,10,2006
3493,37,2006
3494,0,2006
3495,48,2006
3496,4,2006
3497,29,2006
3498,1,2006
3499,45,2006
3500,82,2006
3501,37,2006
3502,103,2006
3503,27,2006
3504,51,2006
3505,30,2006
3506,18,2006
3507,39,2006
3508,22,2006
3509,4,2006
3510,7,2006
3511,43,2006
3512,53,2006
3513,19,2006
3514,17,2006
3515,13,2006
3516,82,2006
3517,26,2006
3518,32,2006
3519,14,2006
3520,15,2006
3521,23,2006
3522,23,2006
3523,2,2006
3524,58,2006
3525,27,2006
3526,7,2006
3527,18,2006
3528,62,2006
3529,50,2006
3530,45,2006
3531,50,2006
3532,22,2006
3533,0,2006
3534,16,2006
3535,57,2006
3536,14,2006
3537,44,2006
3538,57,2006
3539,22,2006
3540,51,2006
3541,79,2006
3542,58,2006
3543,88,2006
3544,92,2006
3545,68,2006
3546,61,2006
3547,18,2006
3548,30,2006
3549,1,2006
3550,41,2006
3551,28,2006
3552,74,2006
3553,35,2006
3554,10,2006
3555,1,2006
3556,31,2007
3557,3,2007
3558,16,2007
3559,1,2007
3560,25,2007
3561,31,2007
3562,20,2007
3563,17,2007
3564,52,2007
3565,16,2007
3566,78,2007
3567,12,2007
3568,18,2007
3569,10,2007
3570,38,2007
3571,22,2007
3572,25,2007
3573,3,2007
3574,24,2007
3575,50,2007
3576,31,2007
3577,27,2007
3578,52,2007
3579,21,2007
3580,32,2007
3581,31,2007
3582,18,2007
3583,24,2007
3584,17,2007
3585,4,2007
3586,45,2007
3587,61,2007
3588,16,2007
3589,53,2007
3590,23,2007
3591,12,2007
3592,49,2007
3593,17,2007
3594,16,2007
3595,1,2007
3596,43,2007
3597,35,2007
3598,15,2007
3599,16,2007
3600,24,2007
3601,45,2007
3602,5,2007
3603,157,2007
3604,22,2007
3605,24,2007
3606,40,2007
3607,26,2007
3608,31,2007
3609,39,2007
3610,6,2007
3611,16,2007
3612,9,2007
3613,25,2007
3614,64,2007
3615,17,2007
3616,28,2007
3617,31,2007
3618,33,2007
3619,77,2007
3620,46,2007
3621,19,2007
3622,35,2007
3623,33,2007
3624,8,2007
3625,43,2007
3626,1,2007
3627,56,2007
3628,9,2007
3629,17,2007
3630,66,2007
3631,0,2007
3632,1,2007
3633,34,2007
3634,10,2007
3635,60,2007
3636,1,2007
3637,9,2007
3638,23,2007
3639,39,2007
3640,7,2007
3641,22,2007
3642,21,2007
3643,13,2007
3644,100,2007
3645,46,2007
3646,26,2007
3647,50,2007
3648,31,2007
3649,49,2007
3650,19,2007
3651,23,2007
3652,2,2007
3653,18,2007
3654,77,2007
3655,7,2007
3656,17,2007
3657,21,2007
3658,26,2007
3659,8,2007
3660,50,2007
3661,20,2007
3662,9,2007
3663,27,2007
3664,71,2007
3665,28,2007
3666,23,2007
3667,25,2007
3668,2,2007
3669,16,2007
3670,91,2007
3671,44,2007
3672,33,2007
3673,62,2007
3674,53,2007
3675,4,2007
3676,75,2007
3677,29,2007
3678,25,2007
3679,17,2007
3680,12,2007
3681,117,2007
3682,55,2007
3683,64,2007
3684,87,2007
3685,10,2007
3686,68,2007
3687,93,2007
3688,66,2007
3689,37,2007
3690,12,2007
3691,89,2007
3692,0,2007
3693,70,2007
3694,24,2007
3695,37,2007
3696,8,2007
3697,48,2007
3698,63,2007
3699,27,2007
3700,20,2007
3701,24,2007
3702,23,2007
3703,42,2007
3704,17,2007
3705,17,2007
3706,33,2007
3707,63,2007
3708,11,2007
3709,10,2007
3710,30,2007
3711,0,2007
3712,31,2007
3713,5,2007
3714,27,2007
3715,34,2007
3716,8,2007
3717,82,2007
3718,59,2007
3719,25,2007
3720,26,2007
3721,84,2007
3722,5,2007
3723,27,2007
3724,19,2007
3725,10,2007
3726,8,2007
3727,42,2007
3728,32,2007
3729,72,2007
3730,64,2007
3731,31,2007
3732,3,2007
3733,3,2007
3734,38,2007
3735,106,2007
3736,19,2007
3737,33,2007
3738,5,2007
3739,87,2007
3740,119,2007
3741,30,2008
3742,9,2008
3743,26,2008
3744,16,2008
3745,2,2008
3746,3,2008
3747,104,2008
3748,55,2008
3749,2,2008
3750,95,2008
3751,76,2008
3752,15,2008
3753,40,2008
3754,68,2008
3755,99,2008
3756,41,2008
3757,38,2008
3758,16,2008
3759,14,2008
3760,17,2008
3761,16,2008
3762,30,2008
3763,44,2008
3764,6,2008
3765,30,2008
3766,42,2008
3767,48,2008
3768,20,2008
3769,62,2008
3770,44,2008
3771,23,2008
3772,64,2008
3773,36,2008
3774,42,2008
3775,17,2008
3776,12,2008
3777,7,2008
3778,33,2008
3779,0,2008
3780,24,2008
3781,73,2008
3782,1,2008
3783,30,2008
3784,21,2008
3785,60,2008
3786,52,2008
3787,0,2008
3788,12,2008
3789,37,2008
3790,65,2008
3791,27,2008
3792,33,2008
3793,3,2008
3794,18,2008
3795,6,2008
3796,64,2008
3797,9,2008
3798,30,2008
3799,15,2008
3800,6,2008
3801,33,2008
3802,76,2008
3803,91,2008
3804,3,2008
3805,86,2008
3806,9,2008
3807,11,2008
3808,50,2008
3809,38,2008
3810,46,2008
3811,19,2008
3812,3,2008
3813,5,2008
3814,32,2008
3815,100,2008
3816,31,2008
3817,56,2008
3818,82,2008
3819,79,2008
3820,28,2008
3821,13,2008
3822,50,2008
3823,5,2008
3824,51,2008
3825,22,2008
3826,27,2008
3827,12,2008
3828,21,2008
3829,22,2008
3830,63,2008
3831,53,2008
3832,4,2008
3833,35,2008
3834,59,2008
3835,30,2008
3836,22,2008
3837,8,2008
3838,27,2008
3839,4,2008
3840,135,2008
3841,13,2008
3842,40,2008
3843,35,2008
3844,10,2008
3845,57,2008
3846,30,2008
3847,15,2008
3848,54,2008
3849,1,2008
3850,4,2008
3851,68,2008
3852,29,2008
3853,32,2008
3854,32,2008
3855,74,2008
3856,2,2008
3857,37,2008
3858,31,2008
3859,31,2008
3860,77,2008
3861,18,2008
3862,61,2008
3863,4,2008
3864,30,2008
3865,46,2008
3866,2,2008
3867,46,2008
3868,12,2008
3869,11,2008
3870,48,2008
3871,17,2008
3872,3,2008
3873,24,2008
3874,28,2008
3875,28,2008
3876,28,2008
3877,54,2008
3878,16,2008
3879,8,2008
3880,63,2008
3881,8,2008
3882,16,2008
3883,8,2008
3884,33,2008
3885,116,2008
3886,69,2008
3887,66,2008
3888,4,2008
3889,14,2008
3890,20,2008
3891,10,2008
3892,63,2008
3893,31,2008
3894,34,2008
3895,56,2008
3896,39,2008
3897,11,2008
3898,29,2008
3899,51,2008
3900,43,2008
3901,46,2008
3902,7,2008
3903,78,2008
3904,6,2008
3905,45,2008
3906,33,2008
3907,48,2008
3908,71,2008
3909,24,2008
3910,76,2008
3911,99,2008
3912,9,2008
3913,61,2008
3914,78,2008
3915,80,2008
3916,108,2008
3917,51,2008
3918,31,2008
3919,35,2008
3920,58,2008
3921,37,2008
3922,34,2008
3923,29,2008
3924,54,2008
3925,26,2008
3926,83,2009
3927,8,2009
3928,4,2009
3929,9,2009
3930,15,2009
3931,34,2009
3932,41,2009
3933,63,2009
3934,32,2009
3935,20,2009
3936,53,2009
3937,19,2009
3938,38,2009
3939,38,2009
3940,15,2009
3941,50,2009
3942,27,2009
3943,97,2009
3944,4,2009
3945,33,2009
3946,57,2009
3947,54,2009
3948,24,2009
3949,47,2009
3950,17,2009
3951,17,2009
3952,30,2009
3953,83,2009
3954,48,2009
3955,12,2009
3956,8,2009
3957,33,2009
3958,66,2009
3959,5,2009
3960,18,2009
3961,21,2009
3962,36,2009
3963,93,2009
3964,43,2009
3965,17,2009
3966,52,2009
3967,13,2009
3968,4,2009
3969,26,2009
3970,43,2009
3971,19,2009
3972,43,2009
3973,28,2009
3974,44,2009
3975,26,2009
3976,51,2009
3977,7,2009
3978,5,2009
3979,32,2009
3980,8,2009
3981,88,2009
3982,22,2009
3983,7,2009
3984,70,2009
3985,5,2009
3986,36,2009
3987,3,2009
3988,51,2009
3989,19,2009
3990,2,2009
3991,13,2009
3992,44,2009
3993,22,2009
3994,40,2009
3995,55,2009
3996,16,2009
3997,22,2009
3998,41,2009
3999,40,2009
4000,18,2009
4001,3,2009
4002,37,2009
4003,27,2009
4004,64,2009
4005,38,2009
4006,68,2009
4007,46,2009
4008,24,2009
4009,6,2009
4010,16,2009
4011,11,2009
4012,22,2009
4013,66,2009
4014,9,2009
4015,93,2009
4016,15,2009
4017,42,2009
4018,44,2009
4019,48,2009
4020,23,2009
4021,19,2009
4022,69,2009
4023,84,2009
4024,16,2009
4025,20,2009
4026,55,2009
4027,34,2009
4028,22,2009
4029,56,2009
4030,35,2009
4031,20,2009
4032,48,2009
4033,88,2009
4034,17,2009
4035,15,2009
4036,15,2009
4037,6,2009
4038,1,2009
4039,20,2009
4040,35,2009
4041,43,2009
4042,117,2009
4043,9,2009
4044,11,2009
4045,20,2009
4046,33,2009
4047,46,2009
4048,61,2009
4049,15,2009
4050,45,2009
4051,36,2009
4052,0,2009
4053,57,2009
4054,54,2009
4055,1,2009
4056,5,2009
4057,45,2009
4058,41,2009
4059,18,2009
4060,5,2009
4061,70,2009
4062,10,2009
4063,2,2009
4064,31,2009
4065,40,2009
4066,1,2009
4067,4,2009
4068,27,2009
4069,18,2009
4070,35,2009
4071,25,2009
4072,5,2009
4073,0,2009
4074,21,2009
4075,62,2009
4076,55,2009
4077,42,2009
4078,27,2009
4079,93,2009
4080,38,2009
4081,5,2009
4082,18,2009
4083,63,2009
4084,54,2009
4085,2,2009
4086,14,2009
4087,57,2009
4088,74,2009
4089,15,2009
4090,42,2009
4091,5,2009
4092,41,2009
4093,54,2009
4094,80,2009
4095,40,2009
4096,17,2009
4097,72,2009
4098,4,2009
4099,8,2009
4100,47,2009
4101,24,2009
4102,96,2009
4103,14,2009
4104,7,2009
4105,28,2009
4106,51,2009
4107,5,2009
4108,7,2009
4109,73,2009
4110,12,2009
4111,56,2010
4112,31,2010
4113,56,2010
4114,8,2010
4115,32,2010
4116,14,2010
4117,36,2010
4118,56,2010
4119,19,2010
4120,1,2010
4121,3,2010
4122,104,2010
4123,43,2010
4124,44,2010
4125,72,2010
4126,9,2010
4127,28,2010
4128,25,2010
4129,27,2010
4130,55,2010
4131,20,2010
4132,16,2010
4133,16,2010
4134,7,2010
4135,23,2010
4136,40,2010
4137,48,2010
4138,64,2010
4139,22,2010
4140,55,2010
4141,95,2010
4142,15,2010
4143,49,2010
4144,52,2010
4145,50,2010
4146,10,2010
4147,65,2010
4148,12,2010
4149,39,2010
4150,36,2010
4151,3,2010
4152,26,2010
4153,23,2010
4154,20,2010
4155,43,2010
4156,108,2010
4157,53,2010
4158,38,2010
4159,4,2010
4160,8,2010
4161,3,2010
4162,13,2010
4163,66,2010
4164,67,2010
4165,50,2010
4166,61,2010
4167,36,2010
4168,38,2010
4169,29,2010
4170,9,2010
4171,81,2010
4172,3,2010
4173,26,2010
4174,12,2010
4175,36,2010
4176,37,2010
4177,70,2010
4178,1,2010
4179,35,2010
4180,12,2010
4181,50,2010
4182,35,2010
4183,9,2010
4184,54,2010
4185,47,2010
4186,8,2010
4187,47,2010
4188,2,2010
4189,29,2010
4190,61,2010
4191,38,2010
4192,41,2010
4193,23,2010
4194,24,2010
4195,1,2010
4196,9,2010
4197,11,2010
4198,10,2010
4199,29,2010
4200,47,2010
4201,71,2010
4202,38,2010
4203,49,2010
4204,65,2010
4205,18,2010
4206,0,2010
4207,16,2010
4208,9,2010
4209,19,2010
4210,36,2010
4211,60,2010
4212,24,2010
4213,25,2010
4214,44,2010
4215,55,2010
4216,3,2010
4217,57,2010
4218,83,2010
4219,84,2010
4220,35,2010
4221,4,2010
4222,35,2010
4223,26,2010
4224,22,2010
4225,2,2010
4226,14,2010
4227,19,2010
4228,30,2010
4229,19,2010
4230,68,2010
4231,11,2010
4232,75,2010
4233,48,2010
4234,32,2010
4235,36,2010
4236,39,2010
4237,50,2010
4238,11,2010
4239,0,2010
4240,63,2010
4241,82,2010
4242,26,2010
4243,3,2010
4244,82,2010
4245,73,2010
4246,19,2010
4247,33,2010
4248,48,2010
4249,8,2010
4250,10,2010
4251,53,2010
4252,20,2010
4253,71,2010
4254,75,2010
4255,76,2010
4256,54,2010
4257,44,2010
4258,5,2010
4259,22,2010
4260,94,2010
4261,29,2010
4262,8,2010
4263,98,2010
4264,9,2010
4265,89,2010
4266,1,2010
4267,101,2010
4268,7,2010
4269,21,2010
4270,52,2010
4271,42,2010
4272,21,2010
4273,116,2010
4274,3,2010
4275,44,2010
4276,29,2010
4277,27,2010
4278,16,2010
4279,6,2010
4280,44,2010
4281,3,2010
4282,28,2010
4283,38,2010
4284,29,2010
4285,10,2010
4286,10,2010
4287,4,2010
4288,30,2010
4289,62,2010
4290,5,2010
4291,69,2010
4292,5,2010
4293,41,2010
4294,24,2010
4295,0,2010
4296,56,2010